Name,Position,Date/Session,Data Type,Data1,Data2,Data3,Data4
Cameron,Canada,2022-01-08,Strength,14.07,14.07,14.07,14.07
Devin,USA,2022-01-21,Flexibility,19.08,19.08,19.08,19.08
Morgan,Canada,2022-01-21,Speed,90.84,90.84,90.84,90.84
Casey,Japan,2022-02-01,Endurance,17.41,17.41,17.41,17.41
Taylor,Japan,2022-02-01,Endurance,52.89,52.89,52.89,52.89
Peyton,Italy,2022-02-18,Endurance,91.4,91.4,91.4,91.4
Devin,USA,2022-02-18,Speed,29.87,29.87,29.87,29.87
Peyton,Italy,2022-02-21,Flexibility,25.25,25.25,25.25,25.25
Taylor,Japan,2022-03-13,Endurance,26.55,26.55,26.55,26.55
Morgan,Canada,2022-03-13,Strength,90.55,90.55,90.55,90.55
Cameron,Canada,2022-04-15,Flexibility,64.2,64.2,64.2,64.2
Dakota,Australia,2022-04-15,Speed,45.21,45.21,45.21,45.21
Alex,USA,2022-04-15,Strength,31.48,31.48,31.48,31.48
Taylor,Japan,2022-04-22,Speed,65.15,65.15,65.15,65.15
Devin,USA,2022-04-22,Speed,55.33,55.33,55.33,55.33
Dakota,Australia,2022-04-22,Speed,53.13,53.13,53.13,53.13
Devin,USA,2022-05-14,Endurance,41.53,41.53,41.53,41.53
Riley,Australia,2022-05-25,Endurance,81.51,81.51,81.51,81.51
Jordan,Spain,2022-06-05,Flexibility,39.95,39.95,39.95,39.95
Dakota,Australia,2022-06-08,Speed,13.28,13.28,13.28,13.28
Morgan,Canada,2022-06-11,Endurance,56.96,56.96,56.96,56.96
Devin,USA,2022-06-19,Flexibility,19.14,19.14,19.14,19.14
Alex,USA,2022-07-01,Endurance,31.95,31.95,31.95,31.95
Alex,USA,2022-07-03,Flexibility,50.32,50.32,50.32,50.32
Riley,Australia,2022-07-24,Endurance,20.54,20.54,20.54,20.54
Dakota,Australia,2022-07-24,Speed,94.33,94.33,94.33,94.33
Dakota,Australia,2022-08-04,Strength,96.49,96.49,96.49,96.49
Casey,Japan,2022-08-15,Speed,53.78,53.78,53.78,53.78
Taylor,Japan,2022-09-02,Agility,38.53,38.53,38.53,38.53
Alex,USA,2022-09-06,Endurance,88.76,88.76,88.76,88.76
Cameron,Canada,2022-09-19,Speed,21.2,21.2,21.2,21.2
Casey,Japan,2022-09-24,Endurance,86.06,86.06,86.06,86.06
Jordan,Spain,2022-09-30,Flexibility,36.2,36.2,36.2,36.2
Peyton,Italy,2022-10-08,Strength,96.99,96.99,96.99,96.99
Casey,Japan,2022-10-10,Endurance,50.55,50.55,50.55,50.55
Taylor,Japan,2022-10-10,Endurance,50.05,50.05,50.05,50.05
Riley,Australia,2022-11-05,Agility,83.43,83.43,83.43,83.43
Morgan,Canada,2022-11-09,Agility,85.41,85.41,85.41,85.41
Jordan,Spain,2022-11-09,Strength,96.75,96.75,96.75,96.75
Morgan,Canada,2022-12-09,Strength,88.91,88.91,88.91,88.91
Alex,USA,2022-12-28,Speed,27.2,27.2,27.2,27.2
