Name,Position,Date/Session,Data Type,Data1,Data2,Data3,Data4
Cameron,Canada,1/8/2022,Strength,14.07,14.07,14.07,14.07
Devin,USA,1/21/2022,Flexibility,19.08,19.08,19.08,19.08
Morgan,Canada,1/21/2022,Speed,90.84,90.84,90.84,90.84
Casey,Japan,2/1/2022,Endurance,17.41,17.41,17.41,17.41
Taylor,Japan,2/1/2022,Endurance,52.89,52.89,52.89,52.89
Peyton,Italy,2/18/2022,Endurance,91.4,91.4,91.4,91.4
Devin,USA,2/18/2022,Speed,29.87,29.87,29.87,29.87
Peyton,Italy,2/21/2022,Flexibility,25.25,25.25,25.25,25.25
Taylor,Japan,3/13/2022,Endurance,26.55,26.55,26.55,26.55
Morgan,Canada,3/13/2022,Strength,90.55,90.55,90.55,90.55
Cameron,Canada,4/15/2022,Flexibility,64.2,64.2,64.2,64.2
Dakota,Australia,4/15/2022,Speed,45.21,45.21,45.21,45.21
Alex,USA,4/15/2022,Strength,31.48,31.48,31.48,31.48
Taylor,Japan,4/22/2022,Speed,65.15,65.15,65.15,65.15
Devin,USA,4/22/2022,Speed,55.33,55.33,55.33,55.33
Dakota,Australia,4/22/2022,Speed,53.13,53.13,53.13,53.13
Devin,USA,5/14/2022,Endurance,41.53,41.53,41.53,41.53
Riley,Australia,5/25/2022,Endurance,81.51,81.51,81.51,81.51
Jordan,Spain,6/5/2022,Flexibility,39.95,39.95,39.95,39.95
Dakota,Australia,6/8/2022,Speed,13.28,13.28,13.28,13.28
Morgan,Canada,6/11/2022,Endurance,56.96,56.96,56.96,56.96
Devin,USA,6/19/2022,Flexibility,19.14,19.14,19.14,19.14
Alex,USA,7/1/2022,Endurance,31.95,31.95,31.95,31.95
Alex,USA,7/3/2022,Flexibility,50.32,50.32,50.32,50.32
Riley,Australia,7/24/2022,Endurance,20.54,20.54,20.54,20.54
Dakota,Australia,7/24/2022,Speed,94.33,94.33,94.33,94.33
Dakota,Australia,8/4/2022,Strength,96.49,96.49,96.49,96.49
Casey,Japan,8/15/2022,Speed,53.78,53.78,53.78,53.78
Taylor,Japan,9/2/2022,Agility,38.53,38.53,38.53,38.53
Alex,USA,9/6/2022,Endurance,88.76,88.76,88.76,88.76
Cameron,Canada,9/19/2022,Speed,21.2,21.2,21.2,21.2
Casey,Japan,9/24/2022,Endurance,86.06,86.06,86.06,86.06
Jordan,Spain,9/30/2022,Flexibility,36.2,36.2,36.2,36.2
Peyton,Italy,10/8/2022,Strength,96.99,96.99,96.99,96.99
Casey,Japan,10/10/2022,Endurance,50.55,50.55,50.55,50.55
Taylor,Japan,10/10/2022,Endurance,50.05,50.05,50.05,50.05
Riley,Australia,11/5/2022,Agility,83.43,83.43,83.43,83.43
Morgan,Canada,11/9/2022,Agility,85.41,85.41,85.41,85.41
Jordan,Spain,11/9/2022,Strength,96.75,96.75,96.75,96.75
Morgan,Canada,12/9/2022,Strength,88.91,88.91,88.91,88.91
Alex,USA,12/28/2022,Speed,27.2,27.2,27.2,27.2
